﻿Farmer_ID,Name,Age,Education,Village,State
1,Lakshmi,81,Primary,Thrissur,Kerala
2,Kamla,44,Secondary,Bahraich,Uttar Pradesh
3,Ghanshyam,80,Primary,Bhavnagar,Gujarat
4,Malati,34,Higher Secondary,Puri,Orissa
5,Pushpa,90,Secondary,Palampur,Himachal Pradesh
6,Sreeja,50,Illiterate,Alappuzha,Kerala
7,Ramlal,94,Primary,Pali,Rajasthan
8,Veeranna,46,Higher Secondary,Chittoor,Andhra Pradesh
9,Rajendran,30,Graduate,Thrissur,Kerala
10,Janki,63,Primary,Porbandar,Gujarat
11,Padma,52,Primary,Porbandar,Gujarat
12,Malati,23,Graduate,Jeypore,Orissa
13,Rakesh,86,Secondary,Palampur,Himachal Pradesh
14,Suresh,64,Illiterate,Jaunpur,Uttar Pradesh
15,Sabitri,42,Graduate,Ganjam,Orissa
16,Sumitra,83,Primary,Puri,Orissa
17,Padma,27,Secondary,Kadapa,Andhra Pradesh
18,Dattatray,73,Illiterate,Kolhapur,Maharashtra
19,Rajinder,47,Illiterate,Palampur,Himachal Pradesh
20,Karuppayi,22,Primary,Sivaganga,Tamil Nadu
21,Dilip,50,Higher Secondary,Kendrapara,Orissa
22,Dattatray,82,Primary,Sangli,Maharashtra
23,Lakshmi,35,Primary,Perambalur,Tamil Nadu
24,Kamlesh,66,Primary,Una,Himachal Pradesh
25,Gangamma,28,Secondary,Chikmagalur,Karnataka
26,Kamala,43,Graduate,Jaisalmer,Rajasthan
27,Vijay,80,Primary,Nanded,Maharashtra
28,Meena,76,Secondary,Gaya,Bihar
29,Veerappa,44,Higher Secondary,Hosanagara,Karnataka
30,Daksha,66,Secondary,Junagadh,Gujarat
31,Himmat,94,Illiterate,Rajkot,Gujarat
32,Ramlal,50,Primary,Jhunjhunu,Rajasthan
33,Raju,18,Primary,Guntur,Andhra Pradesh
34,Lakshmi,38,Primary,Thrissur,Kerala
35,Krishna,72,Primary,Bahraich,Uttar Pradesh
36,Ramashish,23,Higher Secondary,Gaya,Bihar
37,Chandramma,86,Primary,Kadapa,Andhra Pradesh
38,Kamlesh,22,Primary,Mandi,Himachal Pradesh
39,Raju,20,Secondary,Anantapur,Andhra Pradesh
40,Rajendran,70,Primary,Pathanamthitta,Kerala
41,Kamlesh,40,Higher Secondary,Una,Himachal Pradesh
42,Saroj,70,Secondary,Arrah,Bihar
43,Sreeja,54,Primary,Thrissur,Kerala
44,Muthammal,91,Secondary,Sivaganga,Tamil Nadu
45,Sarita,91,Secondary,Mau,Uttar Pradesh
46,Ramashish,34,Secondary,Buxar,Bihar
47,Karuppayi,95,Primary,Kumbakonam,Tamil Nadu
48,Ghanshyam,90,Primary,Jhunjhunu,Rajasthan
49,Lallan,18,Higher Secondary,Arrah,Bihar
50,Mohanlal,68,Illiterate,Sikar,Rajasthan
51,Mohan,62,Primary,Chamba,Himachal Pradesh
52,Velusamy,94,Illiterate,Dindigul,Tamil Nadu
53,Kishan Lal,21,Higher Secondary,Ballia,Uttar Pradesh
54,Anitha,79,Primary,Kasaragod,Kerala
55,Dilip,82,Higher Secondary,Ganjam,Orissa
56,Srinivas,49,Secondary,Kadapa,Andhra Pradesh
57,Hanumantha,51,Higher Secondary,Hosadurga,Karnataka
58,Krishna,89,Graduate,Jaunpur,Uttar Pradesh
59,Ponnusamy,56,Higher Secondary,Perambalur,Tamil Nadu
60,Manoj,43,Higher Secondary,Balangir,Orissa
61,Mohan Lal,51,Primary,Ballia,Uttar Pradesh
62,Rajarajeshwari,71,Secondary,Dindigul,Tamil Nadu
63,Savita,20,Primary,Satara,Maharashtra
64,Dattatray,67,Illiterate,Beed,Maharashtra
65,Ghanshyam,29,Secondary,Pali,Rajasthan
66,Kamla,82,Secondary,Bahraich,Uttar Pradesh
67,Ganpat,71,Primary,Kolhapur,Maharashtra
68,Velusamy,22,Secondary,Kumbakonam,Tamil Nadu
69,Radha,74,Higher Secondary,Bhilwara,Rajasthan
70,Lakshmi,34,Secondary,Sivaganga,Tamil Nadu
71,Ghanshyam,64,Secondary,Jaisalmer,Rajasthan
72,Kishan Lal,40,Higher Secondary,Ballia,Uttar Pradesh
73,Bikash,31,Graduate,Jeypore,Orissa
74,Sreeja,83,Secondary,Kottayam,Kerala
75,Sunita,92,Higher Secondary,Darbhanga,Bihar
76,Sunita,68,Graduate,Jagatsinghpur,Orissa
77,Pushpa,55,Graduate,Una,Himachal Pradesh
78,Velusamy,81,Illiterate,Dindigul,Tamil Nadu
79,Pushpa,55,Primary,Palampur,Himachal Pradesh
80,Malati,67,Primary,Jeypore,Orissa
81,Kamala,47,Illiterate,Barmer,Rajasthan
82,Meena,68,Secondary,Gaya,Bihar
83,Saroj,80,Secondary,Buxar,Bihar
84,Veerappa,69,Higher Secondary,Hosadurga,Karnataka
85,Ramchandra,55,Illiterate,Gaya,Bihar
86,Lakshmi,47,Higher Secondary,Pathanamthitta,Kerala
87,Ramashish,68,Secondary,Darbhanga,Bihar
88,Sunita,22,Secondary,Puri,Orissa
89,Hanumantha,46,Graduate,Hosanagara,Karnataka
90,Santosh,21,Secondary,Kendrapara,Orissa
91,Dilip,27,Primary,Balangir,Orissa
92,Jyotsna,73,Higher Secondary,Morbi,Gujarat
93,Chandramma,34,Primary,Tirupati,Andhra Pradesh
94,Hanumantha,91,Illiterate,Hosadurga,Karnataka
95,Santosh,34,Higher Secondary,Ganjam,Orissa
96,Lakshmi,86,Primary,Chittoor,Andhra Pradesh
97,Chandramma,51,Higher Secondary,Chittoor,Andhra Pradesh
98,Mahadevamma,23,Primary,Hosanagara,Karnataka
99,Himmat,70,Higher Secondary,Rajkot,Gujarat
100,Kamlesh,83,Primary,Manali,Himachal Pradesh
101,Kamala,94,Graduate,Jhunjhunu,Rajasthan
102,Santhosh,60,Higher Secondary,Alappuzha,Kerala
103,Kamala,92,Illiterate,Bhilwara,Rajasthan
104,Saroj,40,Secondary,Gaya,Bihar
105,Mohan,72,Graduate,Alappuzha,Kerala
106,Saroj,92,Primary,Gaya,Bihar
107,Santosh,33,Illiterate,Jeypore,Orissa
108,Velusamy,25,Primary,Dindigul,Tamil Nadu
109,Mahadevamma,21,Secondary,Hosanagara,Karnataka
110,Anitha,21,Secondary,Malappuram,Kerala
111,Anitha,73,Secondary,Thrissur,Kerala
112,Malati,42,Primary,Jagatsinghpur,Orissa
113,Balwant,84,Primary,Una,Himachal Pradesh
114,Chandramma,84,Secondary,Nellore,Andhra Pradesh
115,Bikash,44,Primary,Ganjam,Orissa
116,Sunanda,49,Illiterate,Sangli,Maharashtra
117,Janki,67,Graduate,Valsad,Gujarat
118,Seethamma,78,Secondary,Nellore,Andhra Pradesh
119,Manjunath,68,Secondary,Chikmagalur,Karnataka
120,Lakshmi,36,Higher Secondary,Nellore,Andhra Pradesh
121,Mohan,38,Secondary,Manali,Himachal Pradesh
122,Lakshmi,22,Higher Secondary,Chittoor,Andhra Pradesh
123,Venkatesh,59,Primary,Hosanagara,Karnataka
124,Surender,78,Illiterate,Palampur,Himachal Pradesh
125,Sarita,39,Primary,Jaisalmer,Rajasthan
126,Mohan,38,Primary,Pathanamthitta,Kerala
127,Mohan,87,Secondary,Pathanamthitta,Kerala
128,Ghanshyam,18,Illiterate,Valsad,Gujarat
129,Sanjay,22,Illiterate,Gaya,Bihar
130,Shivraj,29,Primary,Pali,Rajasthan
131,Ghanshyam,63,Primary,Barmer,Rajasthan
132,Lakshmi,51,Secondary,Kadapa,Andhra Pradesh
133,Santhosh,66,Primary,Kottayam,Kerala
134,Ramesh,95,Secondary,Gundlupet,Karnataka
135,Ram Prasad,62,Primary,Gonda,Uttar Pradesh
136,Sarita,44,Secondary,Jaunpur,Uttar Pradesh
137,Kamlesh,90,Higher Secondary,Una,Himachal Pradesh
138,Santhosh,43,Primary,Thrissur,Kerala
139,Lakshmi,64,Higher Secondary,Kasaragod,Kerala
140,Ghanshyam,73,Primary,Bhavnagar,Gujarat
141,Krishna,80,Primary,Fatehpur,Uttar Pradesh
142,Lakshmi,65,Graduate,Thrissur,Kerala
143,Himmat,78,Illiterate,Junagadh,Gujarat
144,Padma,43,Illiterate,Tirupati,Andhra Pradesh
145,Usha,53,Higher Secondary,Sangli,Maharashtra
146,Velusamy,18,Illiterate,Dindigul,Tamil Nadu
147,Shivraj,25,Higher Secondary,Bhilwara,Rajasthan
148,Meena,69,Primary,Saharsa,Bihar
149,Surender,64,Graduate,Kullu,Himachal Pradesh
150,Shankar,73,Secondary,Beed,Maharashtra
151,Ram Prasad,31,Secondary,Gonda,Uttar Pradesh
152,Jyotsna,45,Graduate,Valsad,Gujarat
153,Rukmini,95,Primary,Sikar,Rajasthan
154,Mani,19,Graduate,Kottayam,Kerala
155,Meena,43,Illiterate,Darbhanga,Bihar
156,Radha,31,Primary,Thrissur,Kerala
157,Venkatesh,76,Primary,Gundlupet,Karnataka
158,Hanumantha,73,Secondary,Mudigere,Karnataka
159,Meena,24,Illiterate,Gaya,Bihar
160,Kishor,20,Higher Secondary,Porbandar,Gujarat
161,Ramashish,40,Higher Secondary,Saharsa,Bihar
162,Kishan Lal,35,Graduate,Gonda,Uttar Pradesh
163,Manju,55,Illiterate,Saharsa,Bihar
164,Chandramma,32,Secondary,Tirupati,Andhra Pradesh
165,Mani,81,Primary,Thrissur,Kerala
166,Usha,45,Primary,Kolhapur,Maharashtra
167,Santosh,91,Primary,Jeypore,Orissa
168,Kishor,56,Primary,Porbandar,Gujarat
169,Lallan,74,Secondary,Saharsa,Bihar
170,Mohan,34,Secondary,Chamba,Himachal Pradesh
171,Mahadevamma,61,Primary,Chikmagalur,Karnataka
172,Raju,42,Illiterate,Tirupati,Andhra Pradesh
173,Ghanshyam,34,Illiterate,Bhilwara,Rajasthan
174,Santosh,30,Illiterate,Puri,Orissa
175,Bhupat,42,Graduate,Valsad,Gujarat
176,Sunanda,85,Illiterate,Kolhapur,Maharashtra
177,Sumitra,27,Illiterate,Kendrapara,Orissa
178,Lallan,84,Primary,Saharsa,Bihar
179,Ram Prasad,35,Higher Secondary,Fatehpur,Uttar Pradesh
180,Shankarappa,51,Graduate,Gundlupet,Karnataka
181,Shankarappa,25,Higher Secondary,Chikmagalur,Karnataka
182,Shivraj,57,Secondary,Sikar,Rajasthan
183,Ram Prasad,59,Secondary,Fatehpur,Uttar Pradesh
184,Santhosh,58,Illiterate,Malappuram,Kerala
185,Karuppayi,23,Graduate,Kumbakonam,Tamil Nadu
186,Lakshmi,69,Higher Secondary,Tirupati,Andhra Pradesh
187,Venkatesh,43,Secondary,Hosanagara,Karnataka
188,Rajinder,81,Higher Secondary,Chamba,Himachal Pradesh
189,Gangamma,76,Secondary,Hosanagara,Karnataka
190,Malati,73,Secondary,Ganjam,Orissa
191,Shankarappa,76,Graduate,Mudigere,Karnataka
192,Himmat,87,Graduate,Rajkot,Gujarat
193,Hanumantha,50,Secondary,Mudigere,Karnataka
194,Karuppayi,70,Secondary,Perambalur,Tamil Nadu
195,Velusamy,39,Illiterate,Kumbakonam,Tamil Nadu
196,Sunanda,38,Secondary,Beed,Maharashtra
197,Mohan,87,Illiterate,Thrissur,Kerala
198,Balwant,87,Secondary,Chamba,Himachal Pradesh
199,Veerappa,21,Graduate,Hosadurga,Karnataka
200,Gangamma,92,Secondary,Gundlupet,Karnataka
201,Raju,79,Primary,Chittoor,Andhra Pradesh
202,Thangaraj,79,Primary,Madurai,Tamil Nadu
203,Rajinder,41,Illiterate,Kullu,Himachal Pradesh
204,Radha,72,Secondary,Sikar,Rajasthan
205,Ganpat,26,Illiterate,Satara,Maharashtra
206,Mohan,20,Illiterate,Thrissur,Kerala
207,Kamla,48,Primary,Gonda,Uttar Pradesh
208,Lakshmi,57,Higher Secondary,Malappuram,Kerala
209,Janki,53,Secondary,Rajkot,Gujarat
210,Bikash,41,Illiterate,Balangir,Orissa
211,Daksha,23,Primary,Rajkot,Gujarat
212,Veerappa,83,Secondary,Chikmagalur,Karnataka
213,Dattatray,92,Secondary,Beed,Maharashtra
214,Manoj,21,Secondary,Ganjam,Orissa
215,Rajinder,23,Primary,Manali,Himachal Pradesh
216,Mohan Lal,68,Secondary,Fatehpur,Uttar Pradesh
217,Lakshmi,79,Primary,Sivaganga,Tamil Nadu
218,Vijay,74,Higher Secondary,Sangli,Maharashtra
219,Ganpat,83,Secondary,Ahmednagar,Maharashtra
220,Kishor,92,Primary,Porbandar,Gujarat
221,Mahadevamma,25,Primary,Gundlupet,Karnataka
222,Ramashish,43,Secondary,Saharsa,Bihar
223,Himmat,68,Higher Secondary,Porbandar,Gujarat
224,Sunanda,62,Secondary,Sangli,Maharashtra
225,Padma,61,Secondary,Anantapur,Andhra Pradesh
226,Kishan Lal,22,Secondary,Ballia,Uttar Pradesh
227,Janki,87,Secondary,Bhavnagar,Gujarat
228,Mohan Lal,43,Primary,Gonda,Uttar Pradesh
229,Veeranna,85,Higher Secondary,Chittoor,Andhra Pradesh
230,Kamala,36,Primary,Pali,Rajasthan
231,Ranganayakulu,37,Primary,Nellore,Andhra Pradesh
232,Seethamma,29,Graduate,Chittoor,Andhra Pradesh
233,Krishna,64,Illiterate,Bahraich,Uttar Pradesh
234,Mani,18,Illiterate,Kasaragod,Kerala
235,Chandrika,31,Primary,Gonda,Uttar Pradesh
236,Manju,81,Graduate,Madhubani,Bihar
237,Ramesh,55,Illiterate,Mudigere,Karnataka
238,Sabitri,54,Illiterate,Ganjam,Orissa
239,Santhosh,28,Illiterate,Malappuram,Kerala
240,Velusamy,94,Illiterate,Thanjavur,Tamil Nadu
241,Sabitri,20,Illiterate,Ganjam,Orissa
242,Veerappa,50,Primary,Hosadurga,Karnataka
243,Himmat,23,Secondary,Junagadh,Gujarat
244,Saroj,67,Primary,Madhubani,Bihar
245,Ramashish,27,Primary,Darbhanga,Bihar
246,Ponnusamy,22,Illiterate,Thanjavur,Tamil Nadu
247,Mani,40,Primary,Thrissur,Kerala
248,Ghanshyam,27,Secondary,Bhilwara,Rajasthan
249,Chandramma,61,Secondary,Tirupati,Andhra Pradesh
250,Radha,19,Illiterate,Alappuzha,Kerala
251,Ramlal,30,Primary,Sikar,Rajasthan
252,Sunita,57,Primary,Gaya,Bihar
253,Kishan Lal,19,Higher Secondary,Ballia,Uttar Pradesh
254,Venkatesh,82,Secondary,Gundlupet,Karnataka
255,Velusamy,80,Secondary,Madurai,Tamil Nadu
256,Manjunath,90,Primary,Hunsur,Karnataka
257,Balwant,34,Graduate,Mandi,Himachal Pradesh
258,Rakesh,26,Illiterate,Mandi,Himachal Pradesh
259,Kishor,92,Illiterate,Morbi,Gujarat
260,Santhosh,32,Primary,Thrissur,Kerala
261,Meena,41,Illiterate,Buxar,Bihar
262,Ramchandra,55,Graduate,Madhubani,Bihar
263,Lakshmi,52,Higher Secondary,Guntur,Andhra Pradesh
264,Raju,66,Primary,Nellore,Andhra Pradesh
265,Chandramma,86,Secondary,Guntur,Andhra Pradesh
266,Suresh,79,Graduate,Bahraich,Uttar Pradesh
267,Sabitri,77,Higher Secondary,Ganjam,Orissa
268,Ganpat,67,Secondary,Sangli,Maharashtra
269,Santosh,95,Graduate,Jeypore,Orissa
270,Hanumantha,92,Graduate,Chikmagalur,Karnataka
271,Dilip,26,Secondary,Balangir,Orissa
272,Kamla,51,Illiterate,Bahraich,Uttar Pradesh
273,Ghanshyam,93,Primary,Morbi,Gujarat
274,Shankarappa,52,Higher Secondary,Hosanagara,Karnataka
275,Sumitra,18,Primary,Jeypore,Orissa
276,Ram Prasad,57,Higher Secondary,Jaunpur,Uttar Pradesh
277,Usha,81,Illiterate,Nanded,Maharashtra
278,Manoj,39,Illiterate,Balangir,Orissa
279,Suresh,77,Primary,Ballia,Uttar Pradesh
280,Chandramma,81,Illiterate,Kadapa,Andhra Pradesh
281,Lallan,89,Graduate,Darbhanga,Bihar
282,Srinivas,28,Higher Secondary,Chittoor,Andhra Pradesh
283,Lallan,31,Higher Secondary,Buxar,Bihar
284,Muthammal,77,Secondary,Thanjavur,Tamil Nadu
285,Thangaraj,47,Primary,Sivaganga,Tamil Nadu
286,Karuppayi,52,Secondary,Kumbakonam,Tamil Nadu
287,Savita,54,Secondary,Kolhapur,Maharashtra
288,Srinivas,22,Secondary,Chittoor,Andhra Pradesh
289,Ramashish,95,Primary,Madhubani,Bihar
290,Kamla,43,Secondary,Ballia,Uttar Pradesh
291,Mahadevamma,79,Primary,Hosanagara,Karnataka
292,Ram Prasad,21,Graduate,Jaunpur,Uttar Pradesh
293,Gangamma,59,Higher Secondary,Gundlupet,Karnataka
294,Balwant,35,Primary,Una,Himachal Pradesh
295,Ram Prasad,57,Secondary,Jaunpur,Uttar Pradesh
296,Santosh,89,Secondary,Puri,Orissa
297,Sabitri,56,Illiterate,Jeypore,Orissa
298,Lakshmi,31,Higher Secondary,Thrissur,Kerala
299,Padma,49,Higher Secondary,Nellore,Andhra Pradesh
300,Mahadevamma,68,Primary,Hosadurga,Karnataka
301,Gangamma,55,Primary,Chikmagalur,Karnataka
302,Kishor,40,Primary,Morbi,Gujarat
303,Srinivas,80,Primary,Anantapur,Andhra Pradesh
304,Sunanda,32,Illiterate,Beed,Maharashtra
305,Sreeja,42,Higher Secondary,Kottayam,Kerala
306,Shankar,34,Illiterate,Kolhapur,Maharashtra
307,Dattatray,83,Primary,Satara,Maharashtra
308,Usha,95,Graduate,Nanded,Maharashtra
309,Chandramma,70,Secondary,Tirupati,Andhra Pradesh
310,Dattatray,68,Primary,Kolhapur,Maharashtra
311,Dilip,56,Primary,Jeypore,Orissa
312,Daksha,68,Illiterate,Bhavnagar,Gujarat
313,Kishor,87,Secondary,Porbandar,Gujarat
314,Velusamy,23,Illiterate,Thanjavur,Tamil Nadu
315,Rakesh,84,Secondary,Kullu,Himachal Pradesh
316,Venkatesh,24,Graduate,Hunsur,Karnataka
317,Mahadevamma,68,Illiterate,Hosadurga,Karnataka
318,Laxmi,89,Higher Secondary,Chamba,Himachal Pradesh
319,Chandramma,59,Graduate,Nellore,Andhra Pradesh
320,Mohan Lal,81,Illiterate,Jaunpur,Uttar Pradesh
321,Lakshmi,32,Higher Secondary,Anantapur,Andhra Pradesh
322,Shankarappa,46,Secondary,Chikmagalur,Karnataka
323,Veerappa,50,Graduate,Hunsur,Karnataka
324,Balwant,44,Secondary,Palampur,Himachal Pradesh
325,Ganpat,53,Secondary,Ahmednagar,Maharashtra
326,Ranganayakulu,46,Secondary,Nellore,Andhra Pradesh
327,Ramashish,55,Higher Secondary,Gaya,Bihar
328,Surender,74,Secondary,Manali,Himachal Pradesh
329,Santosh,44,Secondary,Jeypore,Orissa
330,Mahadevamma,72,Higher Secondary,Hosanagara,Karnataka
331,Laxmi,50,Primary,Palampur,Himachal Pradesh
332,Raju,85,Illiterate,Nellore,Andhra Pradesh
333,Gangamma,83,Illiterate,Gundlupet,Karnataka
334,Mohan Lal,27,Primary,Bahraich,Uttar Pradesh
335,Rajinder,22,Primary,Chamba,Himachal Pradesh
336,Mohan,91,Graduate,Kasaragod,Kerala
337,Shankarappa,55,Illiterate,Mudigere,Karnataka
338,Raju,30,Secondary,Chittoor,Andhra Pradesh
339,Muthammal,48,Illiterate,Madurai,Tamil Nadu
340,Lallan,64,Higher Secondary,Arrah,Bihar
341,Radha,69,Graduate,Jhunjhunu,Rajasthan
342,Usha,73,Primary,Sangli,Maharashtra
343,Sarita,32,Higher Secondary,Jaisalmer,Rajasthan
344,Srinivas,46,Illiterate,Kadapa,Andhra Pradesh
345,Malati,25,Higher Secondary,Jeypore,Orissa
346,Santosh,22,Primary,Ganjam,Orissa
347,Velusamy,46,Graduate,Kumbakonam,Tamil Nadu
348,Shankar,64,Illiterate,Ahmednagar,Maharashtra
349,Mani,85,Secondary,Kottayam,Kerala
350,Karuppayi,93,Higher Secondary,Thanjavur,Tamil Nadu
351,Daksha,62,Primary,Rajkot,Gujarat
352,Ghanshyam,19,Illiterate,Sikar,Rajasthan
353,Thangaraj,44,Illiterate,Madurai,Tamil Nadu
354,Sarita,53,Primary,Pali,Rajasthan
355,Veerappa,53,Secondary,Chikmagalur,Karnataka
356,Sabitri,43,Illiterate,Jagatsinghpur,Orissa
357,Manjunath,60,Primary,Hosanagara,Karnataka
358,Sanjay,44,Illiterate,Arrah,Bihar
359,Padma,86,Higher Secondary,Morbi,Gujarat
360,Ganpat,37,Illiterate,Beed,Maharashtra
361,Radha,28,Primary,Pathanamthitta,Kerala
362,Ramlal,91,Illiterate,Barmer,Rajasthan
363,Mohan,55,Primary,Kasaragod,Kerala
364,Mohanlal,23,Higher Secondary,Jhunjhunu,Rajasthan
365,Padma,89,Primary,Kadapa,Andhra Pradesh
366,Ponnusamy,40,Illiterate,Thanjavur,Tamil Nadu
367,Ramchandra,64,Higher Secondary,Saharsa,Bihar
368,Bikash,63,Higher Secondary,Ganjam,Orissa
369,Ghanshyam,29,Illiterate,Jaisalmer,Rajasthan
370,Sreeja,30,Higher Secondary,Malappuram,Kerala
371,Sunita,79,Graduate,Gaya,Bihar
372,Chandrika,77,Illiterate,Gonda,Uttar Pradesh
373,Sarita,60,Higher Secondary,Bahraich,Uttar Pradesh
374,Gangamma,93,Secondary,Gundlupet,Karnataka
375,Bikash,85,Primary,Jagatsinghpur,Orissa
376,Veeranna,22,Illiterate,Nellore,Andhra Pradesh
377,Lakshmi,54,Illiterate,Kasaragod,Kerala
378,Rajarajeshwari,89,Higher Secondary,Thanjavur,Tamil Nadu
379,Karuppayi,48,Graduate,Thanjavur,Tamil Nadu
380,Anitha,26,Secondary,Alappuzha,Kerala
381,Savita,68,Primary,Satara,Maharashtra
382,Padma,46,Secondary,Anantapur,Andhra Pradesh
383,Manju,95,Secondary,Gaya,Bihar
384,Rukmini,57,Primary,Jaisalmer,Rajasthan
385,Sunanda,58,Illiterate,Kolhapur,Maharashtra
386,Ghanshyam,28,Higher Secondary,Barmer,Rajasthan
387,Rukmini,40,Primary,Sikar,Rajasthan
388,Usha,18,Higher Secondary,Beed,Maharashtra
389,Mahadevamma,63,Primary,Chikmagalur,Karnataka
390,Mohan Lal,38,Illiterate,Mau,Uttar Pradesh
391,Kamala,53,Illiterate,Pali,Rajasthan
392,Savita,71,Primary,Ahmednagar,Maharashtra
393,Usha,74,Graduate,Beed,Maharashtra
394,Padma,18,Illiterate,Valsad,Gujarat
395,Kamlesh,80,Higher Secondary,Palampur,Himachal Pradesh
396,Mahadevamma,71,Secondary,Hosadurga,Karnataka
397,Sabitri,72,Higher Secondary,Jagatsinghpur,Orissa
398,Rakesh,57,Primary,Manali,Himachal Pradesh
399,Rajinder,32,Higher Secondary,Mandi,Himachal Pradesh
400,Lakshmi,38,Higher Secondary,Alappuzha,Kerala
