﻿Technology_ID,Name,Category,Complexity,Initial_Cost,Maintenance_Cost
1,GPS-guided Tractors,Machinery,Low,448000,20400
2,Machine Learning Crop Diagnosis,Monitoring,Medium,217000,39800
3,Satellite Imaging,Monitoring,Medium,80000,30100
4,Soil Sensors,Monitoring,Medium,170000,19500
5,Crop Monitoring Apps,Software,High,252000,41400
6,Weather Stations,Monitoring,Medium,108000,17800
7,Drip Irrigation,Irrigation,Low,26000,5900
8,Soil Sensors,Monitoring,Medium,244000,29100
9,Precision Farming,Monitoring,Medium,81000,16600
10,Smart Greenhouses,Infrastructure,Medium,338000,49400
11,Crop Monitoring Apps,Software,High,381000,37400
12,Drip Irrigation,Irrigation,Low,90000,6000
13,Drones,Machinery,Low,283000,25400
14,Smart Greenhouses,Infrastructure,Medium,441000,21600
15,GPS-guided Tractors,Machinery,Low,200000,29600
16,Soil Sensors,Monitoring,Medium,54000,32600
17,Machine Learning Crop Diagnosis,Monitoring,Medium,201000,18100
18,Yield Prediction Models,Software,High,209000,31200
19,Sprinkler Irrigation,Irrigation,Low,51000,7600
20,Weather Stations,Monitoring,Medium,191000,13200
21,Automated Irrigation Systems,Irrigation,Low,35000,7200
22,AI Pest Control Systems,Monitoring,Medium,103000,12800
23,Crop Monitoring Apps,Software,High,245000,44000
24,Drones,Machinery,Low,426000,34700
25,Crop Monitoring Apps,Software,High,286000,19500
26,Crop Disease Detection,Monitoring,Medium,124000,20300
27,Precision Farming,Monitoring,Medium,158000,22400
28,Climate Prediction Tools,Software,High,151000,37700
29,Automated Irrigation Systems,Irrigation,Low,26000,7700
30,Precision Farming,Monitoring,Medium,246000,28400
31,Climate Prediction Tools,Software,High,180000,18200
32,Drones,Machinery,Low,253000,24500
33,Sprinkler Irrigation,Irrigation,Low,75000,1800
34,IoT-based Farm Monitoring,Monitoring,Medium,205000,27300
35,Automated Irrigation Systems,Irrigation,Low,71000,8900
36,Sprinkler Irrigation,Irrigation,Low,38000,4900
37,Drones,Machinery,Low,270000,24800
38,Yield Prediction Models,Software,High,166000,31700
39,Precision Farming,Monitoring,Medium,93000,34400
40,Sprinkler Irrigation,Irrigation,Low,72000,7700
41,IoT-based Farm Monitoring,Monitoring,Medium,262000,36400
42,Blockchain for Supply Chain,Software,High,317000,23300
43,Crop Monitoring Apps,Software,High,338000,20800
44,Climate Prediction Tools,Software,High,221000,41400
45,Automated Irrigation Systems,Irrigation,Low,72000,6900
46,Soil Sensors,Monitoring,Medium,139000,19300
47,Weather Stations,Monitoring,Medium,181000,32300
48,Machine Learning Crop Diagnosis,Monitoring,Medium,170000,34500
49,Automated Weeding,Machinery,Low,253000,38400
50,IoT-based Farm Monitoring,Monitoring,Medium,147000,30600
51,Plant Health Monitoring,Monitoring,Medium,291000,21300
52,Vertical Farming,Infrastructure,Medium,199000,36200
53,IoT-based Farm Monitoring,Monitoring,Medium,83000,25700
54,Plant Health Monitoring,Monitoring,Medium,155000,35400
55,Automated Irrigation Systems,Irrigation,Low,83000,8600
56,Yield Prediction Models,Software,High,275000,40000
57,Plant Health Monitoring,Monitoring,Medium,220000,10300
58,Automated Irrigation Systems,Irrigation,Low,35000,7700
59,Crop Monitoring Apps,Software,High,286000,37800
60,Blockchain for Supply Chain,Software,High,197000,35400
61,Precision Farming,Monitoring,Medium,259000,32700
62,Plant Health Monitoring,Monitoring,Medium,207000,35300
63,Machine Learning Crop Diagnosis,Monitoring,Medium,100000,24100
64,IoT-based Farm Monitoring,Monitoring,Medium,66000,25100
65,Autonomous Harvesting Robots,Machinery,Low,213000,23700
66,Crop Monitoring Apps,Software,High,211000,26600
67,Climate Prediction Tools,Software,High,180000,34300
68,Weather Stations,Monitoring,Medium,212000,33400
69,Blockchain for Supply Chain,Software,High,250000,21500
70,Crop Monitoring Apps,Software,High,180000,19100
71,Automated Irrigation Systems,Irrigation,Low,32000,7000
72,Drip Irrigation,Irrigation,Low,30000,1000
73,AI Pest Control Systems,Monitoring,Medium,266000,15400
74,Blockchain for Supply Chain,Software,High,173000,15900
75,Drones,Machinery,Low,396000,25000
76,Climate Prediction Tools,Software,High,343000,20400
77,Crop Disease Detection,Monitoring,Medium,204000,21600
78,Crop Monitoring Apps,Software,High,358000,27100
79,GPS-guided Tractors,Machinery,Low,318000,46200
80,Drip Irrigation,Irrigation,Low,96000,5600
81,AI Pest Control Systems,Monitoring,Medium,83000,31700
82,Plant Health Monitoring,Monitoring,Medium,76000,13100
83,Automated Irrigation Systems,Irrigation,Low,73000,3000
84,Drones,Machinery,Low,483000,41100
85,Blockchain for Supply Chain,Software,High,343000,16600
86,Sprinkler Irrigation,Irrigation,Low,26000,5400
87,Satellite Imaging,Monitoring,Medium,120000,28000
88,Soil Sensors,Monitoring,Medium,283000,28100
89,Drip Irrigation,Irrigation,Low,40000,1200
90,IoT-based Farm Monitoring,Monitoring,Medium,245000,19700
91,Crop Disease Detection,Monitoring,Medium,256000,29100
92,Machine Learning Crop Diagnosis,Monitoring,Medium,174000,14500
93,Sprinkler Irrigation,Irrigation,Low,51000,7300
94,Smart Greenhouses,Infrastructure,Medium,280000,42400
95,AI Pest Control Systems,Monitoring,Medium,107000,39500
96,Sprinkler Irrigation,Irrigation,Low,91000,2900
97,Smart Greenhouses,Infrastructure,Medium,280000,44800
98,Drip Irrigation,Irrigation,Low,91000,5700
99,AI-based Crop Prediction,Software,High,132000,26200
100,Precision Farming,Monitoring,Medium,297000,13700
101,Blockchain for Supply Chain,Software,High,233000,37100
102,IoT-based Farm Monitoring,Monitoring,Medium,62000,17100
103,Soil Sensors,Monitoring,Medium,60000,21100
104,Crop Disease Detection,Monitoring,Medium,237000,11900
105,IoT-based Farm Monitoring,Monitoring,Medium,215000,34000
106,Drones,Machinery,Low,441000,43000
107,Precision Farming,Monitoring,Medium,76000,32000
108,Climate Prediction Tools,Software,High,111000,24000
109,AI-based Crop Prediction,Software,High,253000,20200
110,Automated Weeding,Machinery,Low,316000,39100
111,Climate Prediction Tools,Software,High,239000,29900
112,Weather Stations,Monitoring,Medium,298000,15300
113,Blockchain for Supply Chain,Software,High,391000,35600
114,Vertical Farming,Infrastructure,Medium,477000,49700
115,Automated Irrigation Systems,Irrigation,Low,83000,7700
116,Automated Weeding,Machinery,Low,306000,42200
117,Yield Prediction Models,Software,High,224000,43500
118,Vertical Farming,Infrastructure,Medium,320000,26100
119,Drones,Machinery,Low,449000,37000
120,Crop Disease Detection,Monitoring,Medium,67000,39400
121,Machine Learning Crop Diagnosis,Monitoring,Medium,156000,15000
122,Precision Farming,Monitoring,Medium,71000,31000
123,Vertical Farming,Infrastructure,Medium,306000,37600
124,Satellite Imaging,Monitoring,Medium,275000,27600
125,Drones,Machinery,Low,435000,40900
126,Precision Farming,Monitoring,Medium,107000,37900
127,Plant Health Monitoring,Monitoring,Medium,294000,33500
128,GPS-guided Tractors,Machinery,Low,400000,21700
129,Blockchain for Supply Chain,Software,High,103000,40600
130,Satellite Imaging,Monitoring,Medium,114000,16800
131,Smart Greenhouses,Infrastructure,Medium,204000,31300
132,Automated Weeding,Machinery,Low,221000,33900
133,AI Pest Control Systems,Monitoring,Medium,290000,24400
134,Precision Farming,Monitoring,Medium,170000,23100
135,Sprinkler Irrigation,Irrigation,Low,92000,9400
136,Sprinkler Irrigation,Irrigation,Low,46000,7400
137,Precision Farming,Monitoring,Medium,81000,28900
138,Crop Disease Detection,Monitoring,Medium,169000,11500
139,Satellite Imaging,Monitoring,Medium,78000,37100
140,Blockchain for Supply Chain,Software,High,246000,42300
141,Crop Disease Detection,Monitoring,Medium,280000,33400
142,Vertical Farming,Infrastructure,Medium,308000,20200
143,Sprinkler Irrigation,Irrigation,Low,69000,1500
144,Climate Prediction Tools,Software,High,147000,21800
145,Drip Irrigation,Irrigation,Low,23000,2200
146,Soil Sensors,Monitoring,Medium,78000,22000
147,Satellite Imaging,Monitoring,Medium,200000,37700
148,Drip Irrigation,Irrigation,Low,28000,5200
149,Satellite Imaging,Monitoring,Medium,144000,10400
150,Plant Health Monitoring,Monitoring,Medium,188000,18500
151,Climate Prediction Tools,Software,High,217000,16300
152,Satellite Imaging,Monitoring,Medium,91000,11100
153,Blockchain for Supply Chain,Software,High,182000,23300
154,Precision Farming,Monitoring,Medium,282000,18300
155,Precision Farming,Monitoring,Medium,219000,33600
156,Smart Greenhouses,Infrastructure,Medium,298000,49200
