Market_ID,Name,Type,Distance,Demand_Level,Price_Volatility
1,Krishi Mandi APMC,APMC,25,High,2
2,Agro Bazaar,Farmers Market,75,Medium,1.8
3,FarmCo Cooperative,Cooperative,150,Medium,1.5
4,HarvestHub,E-commerce,25,High,1.2
5,Green Mart E-commerce,Contract Farming,75,Low,0.8
6,Swasthya Farmers Market,APMC,150,High,2
7,Gram Seva Cooperative,Farmers Market,25,Medium,1.8
8,Kisan Junction,Cooperative,75,Medium,1.5
9,AgriKart,E-commerce,150,High,1.5
10,Desi Fresh Outlet,Contract Farming,25,Low,0.8
11,Krishi Mandi APMC,APMC,75,High,2
12,Agro Bazaar,Farmers Market,150,Medium,1.8
13,FarmCo Cooperative,Cooperative,25,Medium,1.5
14,HarvestHub,E-commerce,75,High,1.2
15,Green Mart E-commerce,Contract Farming,150,Low,0.8
16,Swasthya Farmers Market,APMC,25,High,2
17,Gram Seva Cooperative,Farmers Market,75,Medium,1.8
18,Kisan Junction,Cooperative,150,Medium,1.5
19,AgriKart,E-commerce,25,High,1.5
20,Desi Fresh Outlet,Contract Farming,75,Low,0.8
21,Krishi Mandi APMC,APMC,150,High,2
22,Agro Bazaar,Farmers Market,25,Medium,1.8
23,FarmCo Cooperative,Cooperative,75,Medium,1.5
24,HarvestHub,E-commerce,150,High,1.2
25,Green Mart E-commerce,Contract Farming,25,Low,0.8
26,Swasthya Farmers Market,APMC,75,High,2
27,Gram Seva Cooperative,Farmers Market,150,Medium,1.8
28,Kisan Junction,Cooperative,25,Medium,1.5
29,AgriKart,E-commerce,75,High,1.5
30,Desi Fresh Outlet,Contract Farming,150,Low,0.8
