﻿Location_ID,State,District,Region,Climate_Zone,Soil_Quality
1,Rajasthan,Bikaner,West,Arid,Poor
2,Tamil Nadu,Vellore,South,Tropical Wet and Dry,Good
3,Bihar,Darbhanga,East,Subtropical Humid,Average
4,Andhra Pradesh,Chittoor,South,Tropical Wet and Dry,Good
5,Himachal Pradesh,Kangra,North,Montane,Good
6,Rajasthan,Ajmer,West,Arid,Poor
7,Orissa,Bhubaneswar,East,Tropical Wet and Dry,Average
8,Tamil Nadu,Coimbatore,South,Tropical Wet and Dry,Good
9,Maharashtra,Mumbai,West,Tropical Wet and Dry,Good
10,Himachal Pradesh,Manali,North,Montane,Good
11,Rajasthan,Jodhpur,West,Arid,Poor
12,Bihar,Patna,East,Subtropical Humid,Average
13,Himachal Pradesh,Mandi,North,Montane,Good
14,Himachal Pradesh,Shimla,North,Montane,Good
15,Uttar Pradesh,Kanpur,North,Subtropical Humid,Average
16,Gujarat,Vadodara,West,Tropical Dry,Average
17,Kerala,Palakkad,South,Tropical Wet,Good
18,Maharashtra,Nashik,West,Tropical Wet and Dry,Good
19,Gujarat,Rajkot,West,Tropical Dry,Average
20,Himachal Pradesh,Solan,North,Montane,Good
21,Kerala,Kochi,South,Tropical Wet,Good
22,Gujarat,Ahmedabad,West,Tropical Dry,Average
23,Himachal Pradesh,Dharamshala,North,Montane,Good
24,Bihar,Muzaffarpur,East,Subtropical Humid,Average
25,Andhra Pradesh,Visakhapatnam,South,Tropical Wet and Dry,Good
26,Uttar Pradesh,Meerut,North,Subtropical Humid,Average
27,Maharashtra,Nagpur,West,Tropical Wet and Dry,Good
28,Andhra Pradesh,Nellore,South,Tropical Wet and Dry,Good
29,Uttar Pradesh,Lucknow,North,Subtropical Humid,Average
30,Gujarat,Jamnagar,West,Tropical Dry,Average
31,Orissa,Puri,East,Tropical Wet and Dry,Average
32,Uttar Pradesh,Varanasi,North,Subtropical Humid,Average
33,Tamil Nadu,Chennai,South,Tropical Wet and Dry,Good
34,Karnataka,Mangalore,South,Tropical Wet and Dry,Average
35,Kerala,Thiruvananthapuram,South,Tropical Wet,Good
36,Kerala,Kozhikode,South,Tropical Wet,Good
37,Orissa,Cuttack,East,Tropical Wet and Dry,Average
38,Karnataka,Tumkur,South,Tropical Wet and Dry,Average
39,Rajasthan,Kota,West,Arid,Poor
40,Orissa,Balasore,East,Tropical Wet and Dry,Average
41,Kerala,Alappuzha,South,Tropical Wet,Good
42,Karnataka,Bijapur,South,Tropical Wet and Dry,Average
43,Gujarat,Surat,West,Tropical Dry,Average
