﻿Crop_ID,Name,Category,Growing_Season,water_liters_per_kg_req,Soil_Type
1,Rice,Cereal,Kharif,12000,Alluvial
2,Wheat,Cereal,Rabi,4500,Alluvial
3,Maize,Cereal,Kharif,5000,Alluvial
4,Bajra,Cereal,Kharif,3500,Arid
5,Jowar,Cereal,Kharif,4000,Red
6,Ragi,Cereal,Kharif,4500,Laterite
7,Barley,Cereal,Rabi,3000,Alluvial
8,Gram,Pulses,Rabi,2000,Alluvial
9,Tur,Pulses,Kharif,6000,Black
10,Moong,Pulses,Kharif,3500,Alluvial
11,Urad,Pulses,Kharif,3500,Alluvial
12,Sugarcane,Cash Crop,Kharif,15000,Alluvial
13,Cotton,Cash Crop,Kharif,12000,Black
14,Jute,Cash Crop,Kharif,12000,Alluvial
15,Groundnut,Oilseed,Kharif,5000,Red
16,Soybean,Oilseed,Kharif,4000,Black
17,Sunflower,Oilseed,Rabi,4500,Alluvial
18,Mustard,Oilseed,Rabi,3000,Alluvial
